Workbook

Sheet Game
B1: ⚠ Receiver: hide this column →
A2: Round | B2: State (Sender only) | C2: Signal (Sender: A/B/C/D) | D2: Action (Receiver: 1/2/3/4) | E2: Match? | F2: Reward
A3: 1 | B3: 3 | E3: =IF(AND(C3<>"",D3<>""),IF(B3=D3,"✓","✗"),"") | F3: =IF(AND(C3<>"",D3<>""),IF(B3=D3,1,0),"")
A4: 2 | B4: 1 | E4: =IF(AND(C4<>"",D4<>""),IF(B4=D4,"✓","✗"),"") | F4: =IF(AND(C4<>"",D4<>""),IF(B4=D4,1,0),"")
A5: 3 | B5: 4 | E5: =IF(AND(C5<>"",D5<>""),IF(B5=D5,"✓","✗"),"") | F5: =IF(AND(C5<>"",D5<>""),IF(B5=D5,1,0),"")
A6: 4 | B6: 2 | E6: =IF(AND(C6<>"",D6<>""),IF(B6=D6,"✓","✗"),"") | F6: =IF(AND(C6<>"",D6<>""),IF(B6=D6,1,0),"")
A7: 5 | B7: 3 | E7: =IF(AND(C7<>"",D7<>""),IF(B7=D7,"✓","✗"),"") | F7: =IF(AND(C7<>"",D7<>""),IF(B7=D7,1,0),"")
A8: 6 | B8: 4 | E8: =IF(AND(C8<>"",D8<>""),IF(B8=D8,"✓","✗"),"") | F8: =IF(AND(C8<>"",D8<>""),IF(B8=D8,1,0),"")
A9: 7 | B9: 1 | E9: =IF(AND(C9<>"",D9<>""),IF(B9=D9,"✓","✗"),"") | F9: =IF(AND(C9<>"",D9<>""),IF(B9=D9,1,0),"")
A10: 8 | B10: 2 | E10: =IF(AND(C10<>"",D10<>""),IF(B10=D10,"✓","✗"),"") | F10: =IF(AND(C10<>"",D10<>""),IF(B10=D10,1,0),"")
A11: 9 | B11: 4 | E11: =IF(AND(C11<>"",D11<>""),IF(B11=D11,"✓","✗"),"") | F11: =IF(AND(C11<>"",D11<>""),IF(B11=D11,1,0),"")
A12: 10 | B12: 3 | E12: =IF(AND(C12<>"",D12<>""),IF(B12=D12,"✓","✗"),"") | F12: =IF(AND(C12<>"",D12<>""),IF(B12=D12,1,0),"")
A13: 11 | B13: 2 | E13: =IF(AND(C13<>"",D13<>""),IF(B13=D13,"✓","✗"),"") | F13: =IF(AND(C13<>"",D13<>""),IF(B13=D13,1,0),"")
A14: 12 | B14: 1 | E14: =IF(AND(C14<>"",D14<>""),IF(B14=D14,"✓","✗"),"") | F14: =IF(AND(C14<>"",D14<>""),IF(B14=D14,1,0),"")
... A42: 40 | B42: 1 | E42: =IF(AND(C42<>"",D42<>""),IF(B42=D42,"✓","✗"),"") | F42: =IF(AND(C42<>"",D42<>""),IF(B42=D42,1,0),"")

Sheet Analysis
A1: Analysis
A3: Total rounds played | B3: =COUNTA(Game!F3:F42)
A4: Total reward | B4: =SUM(Game!F3:F42)
A5: Accuracy | B5: =IF(B3>0,B4/B3,"")
A7: Rolling avg (window=5)
A8: Round | B8: 5-round avg
A9: 5 | B9: =IF(COUNTA(Game!F4:F8)=5,AVERAGE(Game!F4:F8),"")
A10: 6 | B10: =IF(COUNTA(Game!F5:F9)=5,AVERAGE(Game!F5:F9),"")
A11: 7 | B11: =IF(COUNTA(Game!F6:F10)=5,AVERAGE(Game!F6:F10),"")
A12: 8 | B12: =IF(COUNTA(Game!F7:F11)=5,AVERAGE(Game!F7:F11),"")
A13: 9 | B13: =IF(COUNTA(Game!F8:F12)=5,AVERAGE(Game!F8:F12),"")
A14: 10 | B14: =IF(COUNTA(Game!F9:F13)=5,AVERAGE(Game!F9:F13),"")
A15: 11 | B15: =IF(COUNTA(Game!F10:F14)=5,AVERAGE(Game!F10:F14),"")
A16: 12 | B16: =IF(COUNTA(Game!F11:F15)=5,AVERAGE(Game!F11:F15),"")
A17: 13 | B17: =IF(COUNTA(Game!F12:F16)=5,AVERAGE(Game!F12:F16),"")
A18: 14 | B18: =IF(COUNTA(Game!F13:F17)=5,AVERAGE(Game!F13:F17),"")
A19: 15 | B19: =IF(COUNTA(Game!F14:F18)=5,AVERAGE(Game!F14:F18),"")
A20: 16 | B20: =IF(COUNTA(Game!F15:F19)=5,AVERAGE(Game!F15:F19),"")
... A44: 40 | B44: =IF(COUNTA(Game!F39:F43)=5,AVERAGE(Game!F39:F43),"")
